,Model,Train Score,R2_Score,MSE,RMSE
0,lin_reg,0.7930376293680109,0.7854609289165151,18.755864888177474,4.330804184926568
1,Random_Forest_Regressor,0.9949382675958055,0.9679076112412791,2.805645165039453,1.6750060194039462
2,KNN,0.9613400397942711,0.9554994560739762,3.8904157881904755,1.9724136960056011
3,SVM,0.7737274019309169,0.7564532528923661,21.29183211075041,4.614307327297393
4,Decision_Tree,0.9701166340185161,0.9486236568585944,4.491525695260758,2.1193219895194684
5,AdaBoost,0.8823940899307248,0.882236398857985,10.295365690780622,3.208639227270748
6,XGBoost,0.9808198606028984,0.9646528433037668,3.090190014469694,1.7578936300213657
